,Municipio,Total,Año
4,"Aguascalientes, Ags.",93,2020
5,"Calvillo, Ags.",1,2020
6,"Cosío, Ags.",4,2020
7,"Jesús María, Ags.",13,2020
8,"San Francisco de los Romo, Ags.",5,2020
11,"Ensenada, BC",19,2020
12,"Mexicali, BC",418,2020
13,"Playas de Rosarito, BC",49,2020
14,"Tecate, BC",15,2020
15,"Tijuana, BC",1424,2020
18,"La Paz, BCS",6,2020
19,"Los Cabos, BCS",8,2020
20,"Mulegé, BCS",1,2020
23,"Campeche, Camp.",44,2020
24,"Carmen, Camp.",5,2020
25,"Escárcega, Camp.",36,2020
28,"Acapetahua, Chis.",257,2020
29,"Arriaga, Chis.",1324,2020
30,"Berriozábal, Chis.",7,2020
31,"Cacahoatán, Chis.",4,2020
32,"Catazajá, Chis.",676,2020
33,"Chiapa de Corzo, Chis.",1406,2020
34,"Chicoasén, Chis.",4,2020
35,"Cintalapa de Figueroa, Chis.",105,2020
36,"Comitán de Domínguez, Chis.",1202,2020
37,"Frontera Comalapa, Chis.",776,2020
38,"Frontera Hidalgo, Chis.",59,2020
39,"Huehuetán, Chis.",951,2020
40,"Huixtla, Chis.",938,2020
41,"Jiquipilas, Chis.",1,2020
42,"La Independencia, Chis.",177,2020
43,"La Trinitaria, Chis.",739,2020
44,"Las Margaritas, Chis.",13,2020
45,"Mapastepec, Chis.",5,2020
46,"Mazatán, Chis.",1,2020
47,"Metapa, Chis.",114,2020
48,"Mezcalapa, Chis.",18,2020
49,"Motozintla, Chis.",6,2020
50,"Ocosingo, Chis.",2,2020
51,"Ocozocoautla de Espinosa, Chis.",802,2020
52,"Palenque, Chis.",3309,2020
53,"Pichucalco, Chis.",5,2020
54,"Pijijiapan, Chis.",344,2020
55,"Salto de Agua, Chis.",27,2020
56,"San Cristóbal de las Casas, Chis.",414,2020
57,"Siltepec, Chis.",2,2020
58,"Suchiate, Chis.",3561,2020
59,"Tapachula, Chis.",6260,2020
60,"Tecpatán, Chis.",369,2020
61,"Teopisca, Chis.",2,2020
62,"Tonalá, Chis.",107,2020
63,"Tuxtla Chico, Chis.",2594,2020
64,"Tuxtla Gutiérrez, Chis.",1884,2020
65,"Villa Corzo, Chis.",1,2020
66,"Villaflores, Chis.",32,2020
69,"Ascensión, Chih.",688,2020
70,"Chihuahua, Chih.",113,2020
71,"Janos, Chih.",6,2020
72,"Juárez, Chih.",794,2020
73,"Namiquipa, Chih.",97,2020
74,"Ojinaga, Chih.",393,2020
77,"Iztapalapa, CDMX",737,2020
80,"Acuña, Coah.",234,2020
81,"Castaños, Coah.",14,2020
82,"Monclova, Coah.",101,2020
83,"Piedras Negras, Coah.",4062,2020
84,"Ramos Arizpe, Coah.",2,2020
85,"Saltillo, Coah.",782,2020
86,"Torreón, Coah.",114,2020
89,"Colima, Col.",7,2020
90,"Manzanillo, Col.",2,2020
93,"Durango, Dgo.",9,2020
94,"Gómez Palacio, Dgo.",194,2020
97,"Apaxco, Méx.",16,2020
98,"Atlacomulco, Méx.",2,2020
99,"Chalco, Méx.",4,2020
100,"Otumba, Méx.",1,2020
101,"Soyaniquilpan de Juárez, Méx.",107,2020
102,"Tenango del Valle, Méx.",1,2020
103,"Teotihuacán, Méx.",2,2020
104,"Tepotzotlán, Méx.",201,2020
105,"Tlalnepantla de Baz, Méx.",18,2020
106,"Toluca, Méx.",13,2020
109,"Celaya, Gto.",3,2020
110,"Guanajuato, Gto.",2,2020
111,"León, Gto.",9,2020
112,"Ocampo, Gto.",7,2020
113,"San Miguel de Allende, Gto.",71,2020
116,"Acapulco de Juárez, Gro.",17,2020
117,"Chilpancingo de los Bravo, Gro.",1,2020
118,"Coyuca de Catalán, Gro.",1,2020
119,"Cuajinicuilapa, Gro.",1,2020
120,"Técpan de Galeana, Gro.",1,2020
121,"Zihuatanejo de Azueta, Gro.",1,2020
124,"Actopan, Hgo.",1,2020
125,"Apan, Hgo.",5,2020
126,"Atitalaquia, Hgo.",1,2020
127,"Atotonilco el Grande, Hgo.",1,2020
128,"El Arenal, Hgo.",4,2020
129,"Huichapan, Hgo.",1,2020
130,"Ixmiquilpan, Hgo.",20,2020
131,"Mineral de la Reforma, Hgo.",2,2020
132,"Pachuca de Soto, Hgo.",93,2020
133,"Santiago Tulantepec de Lugo Guerrero, Hgo.",1,2020
134,"Tecozautla, Hgo.",15,2020
135,"Tepeapulco, Hgo.",180,2020
136,"Tepeji del Río de Ocampo, Hgo.",7,2020
137,"Tezontepec de Aldama, Hgo.",1,2020
138,"Tlahuiltepa, Hgo.",1,2020
139,"Tula de Allende, Hgo.",12,2020
140,"Tulancingo de Bravo, Hgo.",27,2020
141,"Villa de Tezontepec, Hgo.",6,2020
144,"Cihuatlán, Jal.",1,2020
145,"El Salto, Jal.",20,2020
146,"Guadalajara, Jal.",118,2020
147,"San Pedro Tlaquepaque, Jal.",1,2020
148,"Zapopan, Jal.",1,2020
151,"Buenavista, Mich.",2,2020
152,"Lázaro Cárdenas, Mich.",2,2020
153,"Morelia, Mich.",7,2020
156,"Coatlán del Río, Mor.",3,2020
157,"Cuautla, Mor.",8,2020
158,"Cuernavaca, Mor.",21,2020
159,"Xochitepec, Mor.",2,2020
162,"Bahía de Banderas, Nay.",10,2020
163,"Santa María del Oro, Nay.",5,2020
164,"Tepic, Nay.",49,2020
167,"Anáhuac, NL",22,2020
168,"Apodaca, NL",383,2020
169,"Aramberri, NL",3,2020
170,"Cadereyta Jiménez, NL",670,2020
171,"Cerralvo, NL",47,2020
172,"China, NL",196,2020
173,"Ciénega de Flores, NL",4,2020
174,"Galeana, NL",829,2020
175,"García, NL",25,2020
176,"General Bravo, NL",276,2020
177,"General Escobedo, NL",159,2020
178,"General Terán, NL",13,2020
179,"General Treviño, NL",64,2020
180,"Guadalupe, NL",230,2020
181,"Hidalgo, NL",2,2020
182,"Iturbide, NL",2,2020
183,"Juárez, NL",46,2020
184,"Lampazos de Naranjo, NL",2,2020
185,"Linares, NL",26,2020
186,"Mina, NL",5,2020
187,"Montemorelos, NL",18,2020
188,"Monterrey, NL",230,2020
189,"Sabinas Hidalgo, NL",2,2020
190,"Salinas Victoria, NL",1,2020
191,"San Nicolás de los Garza, NL",7,2020
192,"San Pedro Garza García, NL",6,2020
193,"Santa Catarina, NL",119,2020
194,"Santiago, NL",13,2020
206,"Asunción Ixtaltepec, Oax.",12,2020
207,"Asunción Nochixtlán, Oax.",68,2020
208,"Chahuites, Oax.",25,2020
209,"Ciudad Ixtepec, Oax.",20,2020
210,"Heroica Ciudad de Huajuapan de León, Oax.",33,2020
211,"Juchitán de Zaragoza, Oax.",23,2020
212,"Matías Romero Avendaño, Oax.",125,2020
213,"Miahuatlán de Porfirio Díaz, Oax.",12,2020
214,"Nejapa de Madero, Oax.",6,2020
215,"Oaxaca de Juárez, Oax.",198,2020
216,"Ocotlán de Morelos, Oax.",1,2020
217,"Reforma de Pineda, Oax.",7,2020
218,"Salina Cruz, Oax.",67,2020
219,"San Bartolo Coyotepec, Oax.",154,2020
220,"San Francisco Ixhuatán, Oax.",9,2020
221,"San Francisco Lachigoló, Oax.",18,2020
222,"San Jacinto Amilpas, Oax.",4,2020
223,"San Jerónimo Tlacochahuaya, Oax.",1,2020
224,"San Juan Bautista Coixtlahuaca, Oax.",3,2020
225,"San Juan Bautista Tuxtepec, Oax.",32,2020
226,"San Juan Guichicovi, Oax.",119,2020
227,"San Lorenzo Cacaotepec, Oax.",5,2020
228,"San Pablo Huitzo, Oax.",96,2020
229,"San Pablo Villa de Mitla, Oax.",2,2020
230,"San Pedro Comitancillo, Oax.",1,2020
231,"San Pedro Mixtepec -Dto. 22 -, Oax.",8,2020
232,"San Pedro Tapanatepec, Oax.",735,2020
233,"San Pedro Totolápam, Oax.",2,2020
234,"San Raymundo Jalpan, Oax.",1,2020
235,"Santa Cruz Amilpas, Oax.",12,2020
236,"Santa Cruz Xoxocotlán, Oax.",12,2020
237,"Santa Lucía del Camino, Oax.",4,2020
238,"Santa María Atzompa, Oax.",4,2020
239,"Santa María del Tule, Oax.",68,2020
240,"Santa María Huatulco, Oax.",177,2020
241,"Santa María Jalapa del Marqués, Oax.",245,2020
242,"Santa María Mixtequilla, Oax.",1,2020
243,"Santiago Juxtlahuaca, Oax.",2,2020
244,"Santiago Matatlán, Oax.",3,2020
245,"Santiago Niltepec, Oax.",9,2020
246,"Santo Domingo Ingenio, Oax.",20,2020
247,"Santo Domingo Tehuantepec, Oax.",74,2020
248,"Santo Domingo Zanatepec, Oax.",111,2020
249,"Tlacolula de Matamoros, Oax.",17,2020
250,"Unión Hidalgo, Oax.",2,2020
251,"Villa de Etla, Oax.",20,2020
254,"Huejotzingo, Pue.",1,2020
255,"Hueyapan, Pue.",1,2020
256,"Palmar de Bravo, Pue.",1,2020
257,"Puebla, Pue.",894,2020
258,"Santo Tomás Hueyotlipan, Pue.",1,2020
259,"Tehuacán, Pue.",2,2020
260,"Tepeaca, Pue.",2,2020
263,"Colón, Qro.",1,2020
264,"El Marqués, Qro.",2,2020
265,"Querétaro, Qro.",324,2020
268,"Benito Juárez, Q. Roo",184,2020
269,"Cozumel, Q. Roo",2,2020
270,"Isla Mujeres, Q. Roo",8,2020
271,"Othón P. Blanco, Q. Roo",47,2020
272,"Solidaridad, Q. Roo",18,2020
273,"Puerto Morelos, Q. Roo",5,2020
276,"San Luis Potosí, SLP",1249,2020
279,"Ahome, Sin.",235,2020
280,"Culiacán, Sin.",5,2020
281,"Escuinapa, Sin.",571,2020
282,"Mazatlán, Sin.",416,2020
283,"Navolato, Sin.",1,2020
286,"Agua Prieta, Son.",228,2020
287,"Caborca, Son.",13,2020
288,"Empalme, Son.",243,2020
289,"General Plutarco Elías Calles, Son.",20,2020
290,"Guaymas, Son.",1,2020
291,"Hermosillo, Son.",3474,2020
292,"Nogales, Son.",132,2020
293,"Puerto Peñasco, Son.",14,2020
294,"San Luis Río Colorado, Son.",214,2020
295,"Sáric, Son.",4,2020
298,"Balancán, Tab.",39,2020
299,"Cárdenas, Tab.",30,2020
300,"Centla, Tab.",14,2020
301,"Centro, Tab.",1098,2020
302,"Comalcalco, Tab.",7,2020
303,"Cunduacán, Tab.",7,2020
304,"Emiliano Zapata, Tab.",67,2020
305,"Huimanguillo, Tab.",1567,2020
306,"Jalpa de Méndez, Tab.",1,2020
307,"Macuspana, Tab.",366,2020
308,"Nacajuca, Tab.",2,2020
309,"Teapa, Tab.",12,2020
310,"Tenosique, Tab.",2950,2020
313,"Aldama, Tamps.",29,2020
314,"Altamira, Tamps.",27,2020
315,"Camargo, Tamps.",12,2020
316,"Cruillas, Tamps.",86,2020
317,"El Mante, Tamps.",12,2020
318,"González, Tamps.",24,2020
319,"Guerrero, Tamps.",132,2020
320,"Gustavo Díaz Ordaz, Tamps.",77,2020
321,"Hidalgo, Tamps.",16,2020
322,"Matamoros, Tamps.",345,2020
323,"Miguel Alemán, Tamps.",7,2020
324,"Nuevo Laredo, Tamps.",873,2020
325,"Reynosa, Tamps.",13285,2020
326,"Soto la Marina, Tamps.",2,2020
327,"Tampico, Tamps.",1083,2020
328,"Victoria, Tamps.",13,2020
331,"Apetatitlán de Antonio Carvajal, Tlax.",63,2020
332,"Apizaco, Tlax.",69,2020
333,"Calpulalpan, Tlax.",1,2020
334,"Chiautempan, Tlax.",1,2020
335,"Españita, Tlax.",16,2020
336,"Ixtacuixtla de Mariano Matamoros, Tlax.",49,2020
337,"Muñoz de Domingo Arenas, Tlax.",3,2020
338,"Tlaxcala, Tlax.",1,2020
339,"Tlaxco, Tlax.",10,2020
340,"Tzompantepec, Tlax.",1,2020
341,"Xaloztoc, Tlax.",10,2020
342,"Zacatelco, Tlax.",2,2020
345,"Acayucan, Ver.",3704,2020
346,"Actopan, Ver.",42,2020
347,"Alvarado, Ver.",27,2020
348,"Córdoba, Ver.",31,2020
349,"Cosamaloapan de Carpio, Ver.",10,2020
350,"Cotaxtla, Ver.",47,2020
351,"Cuitláhuac, Ver.",21,2020
352,"Fortín, Ver.",86,2020
353,"La Antigua, Ver.",25,2020
354,"Medellín de Bravo, Ver.",44,2020
355,"Naranjos Amatlán, Ver.",15,2020
356,"Orizaba, Ver.",78,2020
357,"Ozuluama de Mascareñas, Ver.",14,2020
358,"Perote, Ver.",6,2020
359,"Pueblo Viejo, Ver.",67,2020
360,"Río Blanco, Ver.",92,2020
361,"Sayula de Alemán, Ver.",1,2020
362,"Tampico Alto, Ver.",2,2020
363,"Tierra Blanca, Ver.",160,2020
364,"Veracruz, Ver.",160,2020
367,"Mérida, Yuc.",220,2020
368,"Progreso, Yuc.",1,2020
371,"Zacatecas, Zac.",741,2020
383,"Aguascalientes, Ags.",597,2021
384,"Cosío, Ags.",195,2021
385,"El Llano, Ags.",3,2021
386,"Jesús María, Ags.",137,2021
387,"San Francisco de los Romo, Ags.",2,2021
390,"Ensenada, BC",24,2021
391,"Mexicali, BC",1410,2021
392,"Playas de Rosarito, BC",20,2021
393,"Tecate, BC",15,2021
394,"Tijuana, BC",29615,2021
397,"La Paz, BCS",47,2021
398,"Los Cabos, BCS",42,2021
399,"Mulegé, BCS",8,2021
402,"Campeche, Camp.",61,2021
403,"Carmen, Camp.",80,2021
404,"Escárcega, Camp.",53,2021
407,"Amatenango del Valle, Chis.",5,2021
408,"Arriaga, Chis.",2733,2021
409,"Benemérito de las Américas, Chis.",1,2021
410,"Berriozábal, Chis.",1,2021
411,"Cacahoatán, Chis.",1,2021
412,"Catazajá, Chis.",2224,2021
413,"Chiapa de Corzo, Chis.",956,2021
414,"Chilón, Chis.",469,2021
415,"Cintalapa de Figueroa, Chis.",46,2021
416,"Comitán de Domínguez, Chis.",1782,2021
417,"Frontera Comalapa, Chis.",1624,2021
418,"Frontera Hidalgo, Chis.",176,2021
419,"Huehuetán, Chis.",6188,2021
420,"Huixtla, Chis.",2779,2021
421,"La Concordia, Chis.",19,2021
422,"La Trinitaria, Chis.",820,2021
423,"Mapastepec, Chis.",17,2021
424,"Metapa, Chis.",2,2021
425,"Mezcalapa, Chis.",2738,2021
426,"Motozintla, Chis.",16,2021
427,"Ocosingo, Chis.",2,2021
428,"Ocozocoautla de Espinosa, Chis.",4260,2021
429,"Palenque, Chis.",8992,2021
430,"Pijijiapan, Chis.",1003,2021
431,"Salto de Agua, Chis.",1259,2021
432,"San Cristóbal de las Casas, Chis.",2790,2021
433,"Suchiate, Chis.",6338,2021
434,"Tapachula, Chis.",16334,2021
435,"Tonalá, Chis.",342,2021
436,"Tuxtla Chico, Chis.",2450,2021
437,"Tuxtla Gutiérrez, Chis.",10154,2021
438,"Unión Juárez, Chis.",87,2021
439,"Venustiano Carranza, Chis.",83,2021
440,"Villa Comaltitlán, Chis.",4,2021
441,"Villa Corzo, Chis.",74,2021
442,"Villaflores, Chis.",8,2021
445,"Ascensión, Chih.",618,2021
446,"Camargo, Chih.",1,2021
447,"Chihuahua, Chih.",439,2021
448,"Guadalupe, Chih.",47,2021
449,"Janos, Chih.",253,2021
450,"Juárez, Chih.",8236,2021
451,"Ojinaga, Chih.",511,2021
454,"Benito Juárez, CDMX",47,2021
455,"Cuauhtémoc, CDMX",168,2021
456,"Iztapalapa, CDMX",4713,2021
457,"Venustiano Carranza, CDMX",3,2021
460,"Acuña, Coah.",1900,2021
461,"Monclova, Coah.",1172,2021
462,"Piedras Negras, Coah.",7817,2021
463,"Saltillo, Coah.",5895,2021
464,"Torreón, Coah.",626,2021
467,"Colima, Col.",5,2021
468,"Manzanillo, Col.",2,2021
471,"Durango, Dgo.",234,2021
472,"Gómez Palacio, Dgo.",1053,2021
475,"Acolman, Méx.",1,2021
476,"Atenco, Méx.",2,2021
477,"Atlacomulco, Méx.",122,2021
478,"Chalco, Méx.",262,2021
479,"Ecatepec de Morelos, Méx.",98,2021
480,"Huehuetoca, Méx.",16,2021
481,"Naucalpan de Juárez, Méx.",141,2021
482,"Nezahualcóyotl, Méx.",43,2021
483,"Soyaniquilpan de Juárez, Méx.",17,2021
484,"Tepotzotlán, Méx.",1519,2021
485,"Texcoco, Méx.",137,2021
486,"Tlalnepantla de Baz, Méx.",28,2021
487,"Toluca, Méx.",304,2021
488,"Tultitlán, Méx.",28,2021
489,"Zumpango, Méx.",8,2021
492,"Dolores Hidalgo Cuna de la Independencia Nacional, Gto.",3,2021
493,"Guanajuato, Gto.",1,2021
494,"Irapuato, Gto.",2,2021
495,"León, Gto.",9,2021
496,"Ocampo, Gto.",5,2021
497,"San Miguel de Allende, Gto.",896,2021
500,"Acapulco de Juárez, Gro.",122,2021
501,"Chilpancingo de los Bravo, Gro.",5,2021
502,"Cuajinicuilapa, Gro.",239,2021
503,"Iguala de la Independencia, Gro.",3,2021
504,"Igualapa, Gro.",3,2021
505,"Zihuatanejo de Azueta, Gro.",6,2021
508,"Actopan, Hgo.",2,2021
509,"Alfajayucan, Hgo.",1,2021
510,"Almoloya, Hgo.",31,2021
511,"Apan, Hgo.",74,2021
512,"Atitalaquia, Hgo.",38,2021
513,"Atotonilco de Tula, Hgo.",15,2021
514,"El Arenal, Hgo.",4,2021
515,"Emiliano Zapata, Hgo.",18,2021
516,"Huautla, Hgo.",2,2021
517,"Huejutla de Reyes, Hgo.",15,2021
518,"Huichapan, Hgo.",281,2021
519,"Ixmiquilpan, Hgo.",33,2021
520,"Jaltocán, Hgo.",1,2021
521,"Mineral de la Reforma, Hgo.",3,2021
522,"Nopala de Villagrán, Hgo.",65,2021
523,"Pachuca de Soto, Hgo.",213,2021
524,"Progreso de Obregón, Hgo.",3,2021
525,"Tecozautla, Hgo.",1,2021
526,"Tepeapulco, Hgo.",322,2021
527,"Tepeji del Río de Ocampo, Hgo.",415,2021
528,"Tepetitlán, Hgo.",39,2021
529,"Tlaxcoapan, Hgo.",1,2021
530,"Tolcayuca, Hgo.",43,2021
531,"Tula de Allende, Hgo.",198,2021
532,"Tulancingo de Bravo, Hgo.",162,2021
533,"Villa de Tezontepec, Hgo.",18,2021
534,"Zempoala, Hgo.",1,2021
535,"Zimapán, Hgo.",98,2021
538,"Guadalajara, Jal.",430,2021
539,"Lagos de Moreno, Jal.",2,2021
542,"Buenavista, Mich.",3,2021
543,"Lázaro Cárdenas, Mich.",16,2021
544,"Morelia, Mich.",38,2021
545,"Queréndaro, Mich.",1,2021
546,"Zinapécuaro, Mich.",32,2021
549,"Ayala, Mor.",1,2021
550,"Coatlán del Río, Mor.",2,2021
551,"Cuautla, Mor.",1,2021
552,"Cuernavaca, Mor.",38,2021
553,"Huitzilac, Mor.",2,2021
554,"Jojutla, Mor.",5,2021
555,"Puente de Ixtla, Mor.",2,2021
556,"Yautepec, Mor.",5,2021
559,"Bahía de Banderas, Nay.",5,2021
560,"Santa María del Oro, Nay.",105,2021
561,"Tepic, Nay.",254,2021
564,"Allende, NL",125,2021
565,"Anáhuac, NL",39,2021
566,"Apodaca, NL",2215,2021
567,"Aramberri, NL",45,2021
568,"Cadereyta Jiménez, NL",1127,2021
569,"China, NL",1152,2021
570,"Ciénega de Flores, NL",70,2021
571,"Doctor Arroyo, NL",61,2021
572,"Doctor Coss, NL",4,2021
573,"El Carmen, NL",28,2021
574,"Galeana, NL",3028,2021
575,"García, NL",44,2021
576,"General Bravo, NL",820,2021
577,"General Escobedo, NL",491,2021
578,"General Terán, NL",59,2021
579,"General Zuazua, NL",164,2021
580,"Guadalupe, NL",179,2021
581,"Hidalgo, NL",1,2021
582,"Hualahuises, NL",15,2021
583,"Iturbide, NL",54,2021
584,"Juárez, NL",276,2021
585,"Linares, NL",285,2021
586,"Los Ramones, NL",106,2021
587,"Mina, NL",9,2021
588,"Montemorelos, NL",79,2021
589,"Monterrey, NL",3957,2021
590,"Pesquería, NL",385,2021
591,"San Nicolás de los Garza, NL",30,2021
592,"San Pedro Garza García, NL",6,2021
593,"Santa Catarina, NL",45,2021
594,"Santiago, NL",11,2021
608,"Asunción Ixtaltepec, Oax.",18,2021
609,"Asunción Nochixtlán, Oax.",62,2021
610,"Chahuites, Oax.",1,2021
611,"Ciudad Ixtepec, Oax.",10,2021
612,"El Barrio de la Soledad, Oax.",4,2021
613,"El Espinal, Oax.",29,2021
614,"Heroica Ciudad de Ejutla de Crespo, Oax.",1,2021
615,"Heroica Ciudad de Huajuapan de León, Oax.",175,2021
616,"Juchitán de Zaragoza, Oax.",305,2021
617,"La Reforma, Oax.",6,2021
618,"Loma Bonita, Oax.",1005,2021
619,"Magdalena Apasco, Oax.",49,2021
620,"Magdalena Tequisistlán, Oax.",16,2021
621,"Matías Romero Avendaño, Oax.",96,2021
622,"Miahuatlán de Porfirio Díaz, Oax.",26,2021
623,"Nazareno Etla, oaX.",7,2021
624,"Oaxaca de Juárez, Oax.",613,2021
625,"Ocotlán de Morelos, Oax.",2,2021
626,"Salina Cruz, Oax.",184,2021
627,"San Antonio de la Cal, Oax.",3,2021
628,"San Bartolo Coyotepec, Oax.",138,2021
629,"San Carlos Yautepec, Oax.",16,2021
630,"San Dionisio Ocotepec, Oax.",14,2021
631,"San Francisco Lachigoló, Oax.",32,2021
632,"San Francisco Telixtlahuaca, Oax.",23,2021
633,"San Jacinto Amilpas, Oax.",1,2021
634,"San Juan Bautista Coixtlahuaca, Oax.",259,2021
635,"San Juan Bautista Cuicatlán, Oax.",81,2021
636,"San Juan Bautista Guelache, Oax.",1,2021
637,"San Juan Bautista Tuxtepec, Oax.",256,2021
638,"San Juan Guichicovi, Oax.",172,2021
639,"San Lorenzo Cacaotepec, Oax.",42,2021
640,"San Pablo Etla, Oax.",14,2021
641,"San Pablo Huitzo, Oax.",920,2021
642,"San Pablo Villa de Mitla, Oax.",50,2021
643,"San Pedro Mixtepec -Dto. 22 -, Oax.",1,2021
644,"San Pedro Pochutla, Oax.",1,2021
645,"San Pedro Tapanatepec, Oax.",1826,2021
646,"San Pedro Totolápam, Oax.",60,2021
647,"San Sebastián Tutla, Oax.",77,2021
648,"Santa Cruz Xoxocotlán, Oax.",5,2021
649,"Santa Lucía del Camino, Oax.",11,2021
650,"Santa María Atzompa, Oax.",3,2021
651,"Santa María Coyotepec, Oax.",4,2021
652,"Santa María Huatulco, Oax.",105,2021
653,"Santa María Jalapa del Marqués, Oax.",369,2021
654,"Santa María Tonameca, Oax.",1,2021
655,"Santiago Laollaga, Oax.",3,2021
656,"Santiago Matatlán, Oax.",66,2021
657,"Santiago Niltepec, Oax.",339,2021
658,"Santiago Suchilquitongo, Oax.",17,2021
659,"Santiago Yaveo, Oax.",24,2021
660,"Santo Domingo Ingenio, Oax.",11,2021
661,"Santo Domingo Tehuantepec, Oax.",486,2021
662,"Santo Domingo Zanatepec, Oax.",5,2021
663,"Teotitlán del Valle, Oax.",1,2021
664,"Tepelmeme Villa de Morelos, Oax.",31,2021
665,"Tlacolula de Matamoros, Oax.",37,2021
666,"Unión Hidalgo, Oax.",7,2021
667,"Villa de Etla, Oax.",17,2021
668,"Villa de Zaachila, Oax.",2,2021
671,"Puebla, Pue.",4891,2021
672,"San Martín Texmelucan, Pue.",6,2021
673,"Soltepec, Pue.",97,2021
676,"Arroyo Seco, Qro.",72,2021
677,"El Marqués, Qro.",634,2021
678,"Jalpan de Serra, Qro.",7,2021
679,"Pedro Escobedo, Qro.",2,2021
680,"Querétaro, Qro.",709,2021
681,"San Juan del Río, Qro.",108,2021
682,"Tequisquiapan, Qro.",120,2021
683,"Tolimán, Qro.",114,2021
686,"Bacalar, Q. Roo",20,2021
687,"Benito Juárez, Q. Roo",1052,2021
688,"Cozumel, Q. Roo",57,2021
689,"Felipe Carrillo Puerto, Q. Roo",2,2021
690,"Isla Mujeres, Q. Roo",4,2021
691,"Othón P. Blanco, Q. Roo",330,2021
692,"Solidaridad, Q. Roo",151,2021
693,"Tulum, Q. Roo",4,2021
696,"San Luis Potosí, SLP",7988,2021
699,"Ahome, Sin.",2,2021
700,"Culiacán, Sin.",1,2021
701,"Escuinapa, Sin.",101,2021
702,"Guasave, Sin.",9,2021
703,"Mazatlán, Sin.",927,2021
704,"Rosario, Sin.",369,2021
707,"Agua Prieta, Son.",28,2021
708,"General Plutarco Elías Calles, Son.",32,2021
709,"Guaymas, Son.",3,2021
710,"Hermosillo, Son.",13995,2021
711,"Nogales, Son.",20,2021
712,"Puerto Peñasco, Son.",1,2021
713,"San Luis Río Colorado, Son.",96,2021
716,"Balancán, Tab.",151,2021
717,"Cárdenas, Tab.",233,2021
718,"Centro, Tab.",8555,2021
719,"Comalcalco, Tab.",51,2021
720,"Cunduacán, Tab.",264,2021
721,"Emiliano Zapata, Tab.",1499,2021
722,"Huimanguillo, Tab.",18618,2021
723,"Jalapa, Tab.",6,2021
724,"Jonuta, Tab.",11,2021
725,"Macuspana, Tab.",5059,2021
726,"Nacajuca, Tab.",1,2021
727,"Paraíso, Tab.",1,2021
728,"Tacotalpa, Tab.",33,2021
729,"Teapa, Tab.",21,2021
730,"Tenosique, Tab.",10718,2021
733,"Aldama, Tamps.",9,2021
734,"Altamira, Tamps.",933,2021
735,"Antiguo Morelos, Tamps.",63,2021
736,"Ciudad Madero, Tamps.",8,2021
737,"Cruillas, Tamps.",185,2021
738,"El Mante, Tamps.",21,2021
739,"González, Tamps.",210,2021
740,"Hidalgo, Tamps.",440,2021
741,"Jaumave, Tamps.",13,2021
742,"Llera, Tamps.",3,2021
743,"Matamoros, Tamps.",325,2021
744,"Nuevo Laredo, Tamps.",3297,2021
745,"Padilla, Tamps.",2,2021
746,"Reynosa, Tamps.",17304,2021
747,"San Fernando, Tamps.",1,2021
748,"Soto la Marina, Tamps.",20,2021
749,"Tampico, Tamps.",2019,2021
750,"Victoria, Tamps.",241,2021
753,"Apetatitlán de Antonio Carvajal, Tlax.",204,2021
754,"Apizaco, Tlax.",2872,2021
755,"Atlangatepec, Tlax.",4,2021
756,"Calpulalpan, Tlax.",678,2021
757,"Chiautempan, Tlax.",15,2021
758,"Cuapiaxtla, Tlax.",701,2021
759,"Cuaxomulco, Tlax.",3,2021
760,"Huamantla, Tlax.",72,2021
761,"Ixtacuixtla de Mariano Matamoros, Tlax.",1473,2021
762,"Ixtenco, Tlax.",8,2021
763,"Mazatecochco de José María Morelos, Tlax.",22,2021
764,"Muñoz de Domingo Arenas, Tlax.",2,2021
765,"Papalotla de Xicohténcatl, Tlax.",36,2021
766,"San José Teacalco, Tlax.",14,2021
767,"San Pablo del Monte, Tlax.",135,2021
768,"Sanctórum de Lázaro Cárdenas, Tlax.",237,2021
769,"Santa Apolonia Teacalco, Tlax.",4,2021
770,"Tetla de la Solidaridad, Tlax.",3,2021
771,"Tlaxcala, Tlax.",540,2021
772,"Tlaxco, Tlax.",1584,2021
773,"Tocatlán, Tlax.",408,2021
774,"Tzompantepec, Tlax.",5,2021
775,"Yauhquemehcan, Tlax.",41,2021
776,"Zacatelco, Tlax.",4,2021
779,"Acayucan, Ver.",14530,2021
780,"Agua Dulce, Ver.",7,2021
781,"Alvarado, Ver.",132,2021
782,"Atoyac, Ver.",43,2021
783,"Carlos A. Carrillo, Ver.",12,2021
784,"Catemaco, Ver.",4,2021
785,"Coatzacoalcos, Ver.",427,2021
786,"Córdoba, Ver.",210,2021
787,"Cosamaloapan de Carpio, Ver.",281,2021
788,"Cosoleacaque, Ver.",317,2021
789,"Cotaxtla, Ver.",86,2021
790,"Cuitláhuac, Ver.",130,2021
791,"El Higo, Ver.",4,2021
792,"Fortín, Ver.",75,2021
793,"Hueyapan de Ocampo, Ver.",5,2021
794,"Ixhuatlán de Madero, Ver.",14,2021
795,"Ixhuatlán del Sureste, Ver.",8,2021
796,"Jesús Carranza, Ver.",5,2021
797,"La Antigua, Ver.",56,2021
798,"Las Choapas, Ver.",560,2021
799,"Martínez de la Torre, Ver.",1,2021
800,"Medellín de Bravo, Ver.",32,2021
801,"Minatitlán, Ver.",53,2021
802,"Moloacán, Ver.",268,2021
803,"Nautla, Ver.",9,2021
804,"Orizaba, Ver.",34,2021
805,"Papantla, Ver.",3,2021
806,"Perote, Ver.",25,2021
807,"Poza Rica de Hidalgo, Ver.",100,2021
808,"Pueblo Viejo, Ver.",52,2021
809,"Río Blanco, Ver.",52,2021
810,"San Andrés Tuxtla, Ver.",141,2021
811,"Sayula de Alemán, Ver.",1073,2021
812,"Soconusco, Ver.",138,2021
813,"Soteapan, Ver.",25,2021
814,"Tampico Alto, Ver.",381,2021
815,"Tecolutla, Ver.",9,2021
816,"Texistepec, Ver.",57,2021
817,"Tierra Blanca, Ver.",22,2021
818,"Tihuatlán, Ver.",7,2021
819,"Tlacotalpan, Ver.",1,2021
820,"Tonayán, Ver.",24,2021
821,"Tuxpan, Ver.",139,2021
822,"Ursulo Galván, Ver.",7,2021
823,"Vega de Alatorre, Ver.",17,2021
824,"Veracruz, Ver.",2035,2021
825,"Villa Aldama, Ver.",2,2021
826,"Xalapa, Ver.",323,2021
829,"Mérida, Yuc.",519,2021
830,"Progreso, Yuc.",1,2021
833,"Fresnillo, Zac.",16,2021
834,"Loreto, Zac.",1,2021
835,"Mazapil, Zac.",14,2021
836,"Zacatecas, Zac.",2938,2021
847,"Aguascalientes, Ags.",321,2022
848,"Cosío, Ags.",12,2022
849,"Jesús María, Ags.",211,2022
852,"Ensenada, BC",81,2022
853,"Mexicali, BC",9172,2022
854,"Playas de Rosarito, BC",14,2022
855,"San Felipe, BC",6,2022
856,"Tecate, BC",8,2022
857,"Tijuana, BC",34723,2022
860,"La Paz, BCS",94,2022
861,"Los Cabos, BCS",36,2022
862,"Mulegé, BCS",1,2022
865,"Calakmul, Camp.",72,2022
866,"Campeche, Camp.",574,2022
867,"Carmen, Camp.",322,2022
868,"Champotón, Camp.",14,2022
869,"Escárcega, Camp.",231,2022
870,"Palizada, Camp.",86,2022
871,"Seybaplaya, Camp.",28,2022
874,"Acapetahua, Chis.",4572,2022
875,"Ángel Albino Corzo, Chis.",24,2022
876,"Arriaga, Chis.",9052,2022
877,"Benemérito de las Américas, Chis.",16,2022
878,"Berriozábal, Chis.",149,2022
879,"Cacahoatán, Chis.",71,2022
880,"Catazajá, Chis.",1259,2022
881,"Chiapa de Corzo, Chis.",1752,2022
882,"Chicomuselo, Chis.",13,2022
883,"Cintalapa de Figueroa, Chis.",1234,2022
884,"Comitán de Domínguez, Chis.",1170,2022
885,"Copainalá, Chis.",30,2022
886,"Escuintla, Chis.",245,2022
887,"Frontera Comalapa, Chis.",3977,2022
888,"Frontera Hidalgo, Chis.",45,2022
889,"Huehuetán, Chis.",8326,2022
890,"Huixtla, Chis.",11276,2022
891,"La Concordia, Chis.",19,2022
892,"La Trinitaria, Chis.",1106,2022
893,"Mapastepec, Chis.",377,2022
894,"Mazatán, Chis.",7,2022
895,"Metapa, Chis.",469,2022
896,"Mezcalapa, Chis.",2309,2022
897,"Motozintla, Chis.",13,2022
898,"Ocozocoautla de Espinosa, Chis.",3239,2022
899,"Palenque, Chis.",9860,2022
900,"Pijijiapan, Chis.",4639,2022
901,"Salto de Agua, Chis.",226,2022
902,"San Cristóbal de las Casas, Chis.",1080,2022
903,"Suchiate, Chis.",28889,2022
904,"Tapachula, Chis.",45672,2022
905,"Tecpatán, Chis.",4,2022
906,"Tonalá, Chis.",270,2022
907,"Tuxtla Chico, Chis.",2853,2022
908,"Tuxtla Gutiérrez, Chis.",6858,2022
909,"Unión Juárez, Chis.",277,2022
910,"Villa Comaltitlán, Chis.",340,2022
911,"Villa Corzo, Chis.",658,2022
912,"Villaflores, Chis.",72,2022
915,"Ascensión, Chih.",563,2022
916,"Chihuahua, Chih.",537,2022
917,"Ignacio Zaragoza, Chih.",1,2022
918,"Janos, Chih.",300,2022
919,"Juárez, Chih.",12025,2022
920,"Ojinaga, Chih.",602,2022
923,"Benito Juárez, CDMX",5,2022
924,"Cuauhtémoc, CDMX",1,2022
925,"Gustavo A. Madero, CDMX",99,2022
926,"Iztapalapa, CDMX",4563,2022
927,"Venustiano Carranza, CDMX",1045,2022
930,"Acuña, Coah.",2367,2022
931,"Allende, Coah.",901,2022
932,"Juárez, Coah.",10,2022
933,"Monclova, Coah.",2452,2022
934,"Piedras Negras, Coah.",20474,2022
935,"Saltillo, Coah.",5056,2022
936,"Torreón, Coah.",2554,2022
939,"Colima, Col.",2,2022
940,"Tecomán, Col.",2,2022
941,"Manzanillo, Col.",1,2022
944,"Durango, Dgo.",157,2022
945,"Gómez Palacio, Dgo.",1439,2022
948,"Acolman, Méx.",102,2022
949,"Amecameca, Méx.",3,2022
950,"Apaxco, Méx.",32,2022
951,"Atlacomulco, Méx.",3,2022
952,"Axapusco, Méx.",3,2022
953,"Chalco, Méx.",1766,2022
954,"Cuautitlán Izcalli, Méx.",6,2022
955,"Cuautitlán, Méx.",49,2022
956,"Ecatepec de Morelos, Méx.",185,2022
957,"Huehuetoca, Méx.",176,2022
958,"Ixtapaluca, Méx.",171,2022
959,"Jilotepec, Méx.",206,2022
960,"La Paz, Méx.",39,2022
961,"Metepec, Méx.",2,2022
962,"Naucalpan de Juárez, Méx.",10,2022
963,"Nezahualcóyotl, Méx.",9,2022
964,"Ocoyoacac, Méx.",5,2022
965,"San Martín de las Pirámides, Méx.",32,2022
966,"Soyaniquilpan de Juárez, Méx.",23,2022
967,"Tepotzotlán, Méx.",1899,2022
968,"Texcoco, Méx.",4,2022
969,"Tianguistenco, Méx.",1,2022
970,"Tlalmanalco, Méx.",3,2022
971,"Tlalnepantla de Baz, Méx.",313,2022
972,"Toluca, Méx.",299,2022
973,"Tultitlán, Méx.",7,2022
976,"Celaya, Gto.",3,2022
977,"Comonfort, Gto.",16,2022
978,"Guanajuato, Gto.",2,2022
979,"Irapuato, Gto.",8,2022
980,"León, Gto.",1,2022
981,"Ocampo, Gto.",2,2022
982,"Salvatierra, Gto.",1,2022
983,"San Diego de la Unión, Gto.",27,2022
984,"San Miguel de Allende, Gto.",826,2022
987,"Acapulco de Juárez, Gro.",36,2022
988,"Chilpancingo de los Bravo, Gro.",25,2022
989,"Cuajinicuilapa, Gro.",1,2022
990,"Huitzuco de los Figueroa, Gro.",2,2022
991,"San Marcos, Gro.",232,2022
992,"Zihuatanejo de Azueta, Gro.",26,2022
995,"Actopan, Hgo.",2,2022
996,"Almoloya, Hgo.",1,2022
997,"Apan, Hgo.",13,2022
998,"Atitalaquia, Hgo.",30,2022
999,"Atotonilco de Tula, Hgo.",32,2022
1000,"Huichapan, Hgo.",106,2022
1001,"Mineral de la Reforma, Hgo.",6,2022
1002,"Nopala de Villagrán, Hgo.",14,2022
1003,"Pachuca de Soto, Hgo.",148,2022
1004,"San Salvador, Hgo.",1,2022
1005,"Singuilucan, Hgo.",1,2022
1006,"Tasquillo, Hgo.",11,2022
1007,"Tepeapulco, Hgo.",671,2022
1008,"Tepeji del Río de Ocampo, Hgo.",429,2022
1009,"Tepetitlán, Hgo.",85,2022
1010,"Tizayuca, Hgo.",35,2022
1011,"Tolcayuca, Hgo.",95,2022
1012,"Tula de Allende, Hgo.",59,2022
1013,"Tulancingo de Bravo, Hgo.",38,2022
1014,"Villa de Tezontepec, Hgo.",146,2022
1015,"Zacualtipán de Ángeles, Hgo.",2,2022
1018,"Arandas, Jal.",1,2022
1019,"El Salto, Jal.",2,2022
1020,"Encarnación de Díaz, Jal.",6,2022
1021,"Guadalajara, Jal.",817,2022
1022,"Magdalena, Jal.",62,2022
1023,"Puerto Vallarta, Jal.",2,2022
1024,"San Pedro Tlaquepaque, Jal.",8,2022
1025,"Tlajomulco de Zúñiga, Jal.",509,2022
1026,"Zapotlanejo, Jal.",270,2022
1029,"Buenavista, Mich.",1,2022
1030,"Charo, Mich.",5,2022
1031,"La Piedad, Mich.",19,2022
1032,"Lázaro Cárdenas, Mich.",14,2022
1033,"Maravatío, Mich.",3,2022
1034,"Morelia, Mich.",115,2022
1035,"Penjamillo, Mich.",20,2022
1036,"Tacámbaro, Mich.",1,2022
1037,"Uruapan, Mich.",3,2022
1040,"Amacuzac, Mor.",4,2022
1041,"Atlatlahucan, Mor.",1,2022
1042,"Ayala, Mor.",6,2022
1043,"Coatlán del Río, Mor.",5,2022
1044,"Cuautla, Mor.",18,2022
1045,"Cuernavaca, Mor.",19,2022
1046,"Emiliano Zapata, Mor.",1,2022
1047,"Jantetelco, Mor.",2,2022
1048,"Jojutla, Mor.",2,2022
1049,"Mazatepec, Mor.",1,2022
1050,"Puente de Ixtla, Mor.",2,2022
1051,"Temixco, Mor.",5,2022
1052,"Tepoztlán, Mor.",1,2022
1053,"Xochitepec, Mor.",3,2022
1056,"Bahía de Banderas, Nay.",2,2022
1057,"Santa María del Oro, Nay.",168,2022
1058,"Tepic, Nay.",161,2022
1061,"Allende, NL",29,2022
1062,"Anáhuac, NL",177,2022
1063,"Apodaca, NL",5164,2022
1064,"Aramberri, NL",19,2022
1065,"Cadereyta Jiménez, NL",1327,2022
1066,"China, NL",217,2022
1067,"Ciénega de Flores, NL",37,2022
1068,"Doctor Arroyo, NL",47,2022
1069,"El Carmen, NL",22,2022
1070,"Galeana, NL",4960,2022
1071,"García, NL",137,2022
1072,"General Bravo, NL",1273,2022
1073,"General Escobedo, NL",330,2022
1074,"General Terán, NL",160,2022
1075,"General Zuazua, NL",97,2022
1076,"Guadalupe, NL",375,2022
1077,"Hidalgo, NL",4,2022
1078,"Juárez, NL",392,2022
1079,"Lampazos de Naranjo, NL",31,2022
1080,"Linares, NL",112,2022
1081,"Los Ramones, NL",112,2022
1082,"Mina, NL",663,2022
1083,"Montemorelos, NL",56,2022
1084,"Monterrey, NL",834,2022
1085,"Pesquería, NL",421,2022
1086,"Sabinas Hidalgo, NL",18,2022
1087,"Salinas Victoria, NL",318,2022
1088,"San Nicolás de los Garza, NL",6,2022
1089,"San Pedro Garza García, NL",1,2022
1090,"Santa Catarina, NL",208,2022
1091,"Santiago, NL",43,2022
1092,"Vallecillo, NL",120,2022
1106,"Acatlán de Pérez Figueroa, Oax.",2,2022
1107,"Asunción Ixtaltepec, Oax.",84,2022
1108,"Asunción Nochixtlán, Oax.",9,2022
1109,"Chahuites, Oax.",109,2022
1110,"Ciudad Ixtepec, Oax.",67,2022
1111,"Heroica Ciudad de Ejutla de Crespo, Oax.",2,2022
1112,"Heroica Ciudad de Huajuapan de León, Oax.",128,2022
1113,"Juchitán de Zaragoza, Oax.",1288,2022
1114,"Loma Bonita, Oax.",1545,2022
1115,"Magdalena Tequisistlán, Oax.",34,2022
1116,"Matías Romero Avendaño, Oax.",307,2022
1117,"Miahuatlán de Porfirio Díaz, Oax.",76,2022
1118,"Oaxaca de Juárez, Oax.",1111,2022
1119,"Ocotlán de Morelos, Oax.",2,2022
1120,"Pinotepa de Don Luis, Oax.",1,2022
1121,"Reforma de Pineda, Oax.",2,2022
1122,"Salina Cruz, Oax.",158,2022
1123,"San Agustín de las Juntas, Oax.",23,2022
1124,"San Antonio de la Cal, Oax.",2,2022
1125,"San Bartolo Coyotepec, Oax.",29,2022
1126,"San Dionisio del Mar, Oax.",19,2022
1127,"San Francisco Telixtlahuaca, Oax.",4,2022
1128,"San Juan Bautista Coixtlahuaca, Oax.",91,2022
1129,"San Juan Bautista Tuxtepec, Oax.",242,2022
1130,"San Juan Guichicovi, Oax.",132,2022
1131,"San Lorenzo Cacaotepec, Oax.",1,2022
1132,"San Pablo Huitzo, Oax.",539,2022
1133,"San Pedro Mixtepec -Dto. 22 -, Oax.",183,2022
1134,"San Pedro Pochutla, Oax.",2,2022
1135,"San Pedro Tapanatepec, Oax.",2521,2022
1136,"San Sebastián Tutla, Oax.",11,2022
1137,"Santa Cruz Xoxocotlán, Oax.",118,2022
1138,"Santa Lucía del Camino, Oax.",19,2022
1139,"Santa María Atzompa, Oax.",1,2022
1140,"Santa María Colotepec, Oax.",1,2022
1141,"Santa María Ecatepec, Oax.",4,2022
1142,"Santa María Huatulco, Oax.",61,2022
1143,"Santa María Jalapa del Marqués, Oax.",817,2022
1144,"Santiago Matatlán, Oax.",14,2022
1145,"Santiago Niltepec, Oax.",317,2022
1146,"Santiago Yaveo, Oax.",5,2022
1147,"Santo Domingo Tehuantepec, Oax.",415,2022
1148,"Santo Domingo Yanhuitlán, Oax.",2,2022
1149,"Santo Domingo Zanatepec, Oax.",11,2022
1150,"Soledad Etla, Oax.",4,2022
1151,"Teotitlán de Flores Magón, Oax.",19,2022
1152,"Teotitlán del Valle, Oax.",21,2022
1153,"Tepelmeme Villa de Morelos, Oax.",75,2022
1154,"Tlacolula de Matamoros, Oax.",298,2022
1155,"Trinidad Zaachila, Oax.",6,2022
1156,"Unión Hidalgo, Oax.",22,2022
1157,"Zimatlán de Álvarez, Oax.",19,2022
1160,"Puebla, Pue.",6713,2022
1161,"Tehuacán, Pue.",3,2022
1162,"Xicotepec, Pue.",1,2022
1165,"Amealco de Bonfil, Qro.",2,2022
1166,"Cadereyta de Montes, Qro.",2,2022
1167,"Colón, Qro.",36,2022
1168,"Corregidora, Qro.",1,2022
1169,"El Marqués, Qro.",61,2022
1170,"Ezequiel Montes, Qro.",2,2022
1171,"Pedro Escobedo, Qro.",152,2022
1172,"Querétaro, Qro.",624,2022
1173,"San Juan del Río, Qro.",1098,2022
1174,"Tequisquiapan, Qro.",3,2022
1175,"Tolimán, Qro.",5,2022
1178,"Benito Juárez, Q. Roo",1107,2022
1179,"Cozumel, Q. Roo",19,2022
1180,"Isla Mujeres, Q. Roo",33,2022
1181,"Othón P. Blanco, Q. Roo",616,2022
1182,"Solidaridad, Q. Roo",147,2022
1183,"Tulum, Q. Roo",8,2022
1186,"San Luis Potosí, SLP",5994,2022
1189,"Ahome, Sin.",48,2022
1190,"Angostura, Sin.",237,2022
1191,"Culiacán, Sin.",173,2022
1192,"Guasave, Sin.",121,2022
1193,"Mazatlán, Sin.",1200,2022
1194,"Rosario, Sin.",44,2022
1197,"Hermosillo, Son.",23080,2022
1198,"Nogales, Son.",6,2022
1199,"Puerto Peñasco, Son.",5,2022
1200,"San Luis Río Colorado, Son.",24,2022
1203,"Balancán, Tab.",161,2022
1204,"Cárdenas, Tab.",821,2022
1205,"Centla, Tab.",104,2022
1206,"Centro, Tab.",20707,2022
1207,"Comalcalco, Tab.",6,2022
1208,"Cunduacán, Tab.",16,2022
1209,"Emiliano Zapata, Tab.",1276,2022
1210,"Huimanguillo, Tab.",14598,2022
1211,"Jalapa, Tab.",341,2022
1212,"Jalpa de Méndez, Tab.",4,2022
1213,"Jonuta, Tab.",27,2022
1214,"Macuspana, Tab.",2291,2022
1215,"Nacajuca, Tab.",32,2022
1216,"Paraíso, Tab.",24,2022
1217,"Tacotalpa, Tab.",387,2022
1218,"Teapa, Tab.",632,2022
1219,"Tenosique, Tab.",5415,2022
1222,"Aldama, Tamps.",92,2022
1223,"Altamira, Tamps.",439,2022
1224,"Antiguo Morelos, Tamps.",233,2022
1225,"Cruillas, Tamps.",121,2022
1226,"El Mante, Tamps.",44,2022
1227,"González, Tamps.",8,2022
1228,"Güémez, Tamps.",8,2022
1229,"Hidalgo, Tamps.",386,2022
1230,"Jaumave, Tamps.",345,2022
1231,"Llera, Tamps.",16,2022
1232,"Matamoros, Tamps.",66,2022
1233,"Miguel Alemán, Tamps.",32,2022
1234,"Nuevo Laredo, Tamps.",521,2022
1235,"Padilla, Tamps.",60,2022
1236,"Reynosa, Tamps.",15142,2022
1237,"Río Bravo, Tamps.",1,2022
1238,"San Fernando, Tamps.",182,2022
1239,"Soto la Marina, Tamps.",7,2022
1240,"Tampico, Tamps.",133,2022
1241,"Tula, Tamps.",11,2022
1242,"Victoria, Tamps.",172,2022
1245,"Apetatitlán de Antonio Carvajal, Tlax.",129,2022
1246,"Apizaco, Tlax.",1271,2022
1247,"Atlangatepec, Tlax.",4,2022
1248,"Calpulalpan, Tlax.",9,2022
1249,"Chiautempan, Tlax.",7,2022
1250,"Contla de Juan Cuamatzi, Tlax.",1,2022
1251,"Cuapiaxtla, Tlax.",49,2022
1252,"Huamantla, Tlax.",34,2022
1253,"Hueyotlipan, Tlax.",18,2022
1254,"Ixtacuixtla de Mariano Matamoros, Tlax.",997,2022
1255,"Ixtenco, Tlax.",1,2022
1256,"La Magdalena Tlaltelulco, Tlax.",27,2022
1257,"Muñoz de Domingo Arenas, Tlax.",5,2022
1258,"Natívitas, Tlax.",1,2022
1259,"Panotla, Tlax.",19,2022
1260,"San Jerónimo Zacualpan, Tlax.",1,2022
1261,"San José Teacalco, Tlax.",6,2022
1262,"San Pablo del Monte, Tlax.",2,2022
1263,"Sanctórum de Lázaro Cárdenas, Tlax.",48,2022
1264,"Santa Cruz Tlaxcala, Tlax.",26,2022
1265,"Tlaxcala, Tlax.",36,2022
1266,"Tlaxco, Tlax.",4,2022
1267,"Tocatlán, Tlax.",5,2022
1268,"Tzompantepec, Tlax.",6,2022
1269,"Xaloztoc, Tlax.",391,2022
1270,"Yauhquemehcan, Tlax.",31,2022
1271,"Zacatelco, Tlax.",434,2022
1274,"Acayucan, Ver.",27028,2022
1275,"Agua Dulce, Ver.",61,2022
1276,"Alvarado, Ver.",96,2022
1277,"Angel R. Cabada, Ver.",5,2022
1278,"Boca del Río, Ver.",8,2022
1279,"Carlos A. Carrillo, Ver.",14,2022
1280,"Catemaco, Ver.",23,2022
1281,"Chacaltianguis, Ver.",4,2022
1282,"Chinameca, Ver.",3,2022
1283,"Coatzacoalcos, Ver.",906,2022
1284,"Córdoba, Ver.",356,2022
1285,"Cosamaloapan de Carpio, Ver.",539,2022
1286,"Cosoleacaque, Ver.",163,2022
1287,"Cotaxtla, Ver.",16,2022
1288,"Cuichapa, Ver.",3,2022
1289,"Cuitláhuac, Ver.",208,2022
1290,"Emiliano Zapata, Ver.",50,2022
1291,"Fortín, Ver.",29,2022
1292,"Gutiérrez Zamora, Ver.",55,2022
1293,"Hueyapan de Ocampo, Ver.",8,2022
1294,"Isla, Ver.",4,2022
1295,"Ixhuatlán del Café, Ver.",13,2022
1296,"Ixtaczoquitlán, Ver.",3,2022
1297,"Jamapa, Ver.",9,2022
1298,"Jesús Carranza, Ver.",48,2022
1299,"Juan Rodríguez Clara, Ver.",33,2022
1300,"La Antigua, Ver.",29,2022
1301,"Las Choapas, Ver.",235,2022
1302,"Las Vigas de Ramírez, Ver.",1,2022
1303,"Lerdo de Tejada, Ver.",34,2022
1304,"Minatitlán, Ver.",202,2022
1305,"Moloacán, Ver.",1272,2022
1306,"Nanchital de Lázaro Cárdenas del Río, Ver.",80,2022
1307,"Nogales, Ver.",10,2022
1308,"Omealca, Ver.",2,2022
1309,"Orizaba, Ver.",581,2022
1310,"Ozuluama de Mascareñas, Ver.",3,2022
1311,"Pánuco, Ver.",17,2022
1312,"Papantla, Ver.",121,2022
1313,"Paso de Ovejas, Ver.",6,2022
1314,"Playa Vicente, Ver.",11,2022
1315,"Poza Rica de Hidalgo, Ver.",24,2022
1316,"Pueblo Viejo, Ver.",1015,2022
1317,"Río Blanco, Ver.",8,2022
1318,"San Andrés Tuxtla, Ver.",64,2022
1319,"San Juan Evangelista, Ver.",4,2022
1320,"Sayula de Alemán, Ver.",129,2022
1321,"Soconusco, Ver.",9,2022
1322,"Soledad de Doblado, Ver.",19,2022
1323,"Tantoyuca, Ver.",4,2022
1324,"Tecolutla, Ver.",21,2022
1325,"Tierra Blanca, Ver.",50,2022
1326,"Tres Valles, Ver.",39,2022
1327,"Tuxpan, Ver.",93,2022
1328,"Veracruz, Ver.",1468,2022
1329,"Xalapa, Ver.",63,2022
1330,"Yanga, Ver.",1,2022
1331,"Zaragoza, Ver.",4,2022
1334,"Chocholá, Yuc.",4,2022
1335,"Halachó, Yuc.",51,2022
1336,"Kanasín, Yuc.",55,2022
1337,"Maxcanú, Yuc.",3,2022
1338,"Mérida, Yuc.",642,2022
1339,"Progreso, Yuc.",71,2022
1340,"Tizimín, Yuc.",1,2022
1341,"Umán, Yuc.",14,2022
1342,"Valladolid, Yuc.",1,2022
1345,"Zacatecas, Zac.",2242,2022
1358,"Aguascalientes, Ags.",44,2023
1359,"Cosío, Ags.",98,2023
1360,"Jesús María, Ags.",399,2023
1361,"San Francisco de los Romo, Ags.",18,2023
1364,"Ensenada, BC",26,2023
1365,"Mexicali, BC",5667,2023
1366,"Playas de Rosarito, BC",38,2023
1367,"San Felipe, BC",5,2023
1368,"San Quintín, BC",3,2023
1369,"Tecate, BC",738,2023
1370,"Tijuana, BC",27405,2023
1373,"La Paz, BCS",346,2023
1374,"Los Cabos, BCS",58,2023
1377,"Calakmul, Camp.",211,2023
1378,"Calkiní, Camp.",1,2023
1379,"Campeche, Camp.",430,2023
1380,"Carmen, Camp.",260,2023
1381,"Champotón, Camp.",149,2023
1382,"Escárcega, Camp.",2524,2023
1383,"Palizada, Camp.",21,2023
1384,"Seybaplaya, Camp.",13,2023
1385,"Tenabo, Camp.",21,2023
1388,"Acacoyagua, Chis.",2,2023
1389,"Acapetahua, Chis.",6320,2023
1390,"Arriaga, Chis.",19741,2023
1391,"Berriozábal, Chis.",141,2023
1392,"Catazajá, Chis.",2052,2023
1393,"Chanal, Chis.",1,2023
1394,"Chiapa de Corzo, Chis.",3578,2023
1395,"Cintalapa de Figueroa, Chis.",520,2023
1396,"Comitán de Domínguez, Chis.",178,2023
1397,"Copainalá, Chis.",7,2023
1398,"Escuintla, Chis.",19,2023
1399,"Frontera Comalapa, Chis.",793,2023
1400,"Frontera Hidalgo, Chis.",1356,2023
1401,"Huehuetán, Chis.",14693,2023
1402,"Huixtla, Chis.",23755,2023
1403,"Jiquipilas, Chis.",743,2023
1404,"La Trinitaria, Chis.",17,2023
1405,"Mapastepec, Chis.",35,2023
1406,"Mezcalapa, Chis.",439,2023
1407,"Motozintla, Chis.",8,2023
1408,"Ocosingo, Chis.",70,2023
1409,"Ocozocoautla de Espinosa, Chis.",1227,2023
1410,"Palenque, Chis.",7730,2023
1411,"Pijijiapan, Chis.",11296,2023
1412,"Salto de Agua, Chis.",9,2023
1413,"San Cristóbal de las Casas, Chis.",700,2023
1414,"Siltepec, Chis.",1,2023
1415,"Suchiate, Chis.",28203,2023
1416,"Tapachula, Chis.",70665,2023
1417,"Teopisca, Chis.",1,2023
1418,"Tonalá, Chis.",230,2023
1419,"Tuxtla Chico, Chis.",19703,2023
1420,"Tuxtla Gutiérrez, Chis.",10266,2023
1421,"Unión Juárez, Chis.",2675,2023
1422,"Villa Comaltitlán, Chis.",1823,2023
1423,"Villa Corzo, Chis.",380,2023
1424,"Villaflores, Chis.",2,2023
1427,"Chihuahua, Chih.",2040,2023
1428,"Janos, Chih.",116,2023
1429,"Juárez, Chih.",7964,2023
1430,"Ojinaga, Chih.",101,2023
1433,"Coyoacán, CDMX",1,2023
1434,"Gustavo A. Madero, CDMX",995,2023
1435,"Iztapalapa, CDMX",6091,2023
1436,"Venustiano Carranza, CDMX",1828,2023
1439,"Acuña, Coah.",1672,2023
1440,"Monclova, Coah.",1204,2023
1441,"Piedras Negras, Coah.",21530,2023
1442,"Saltillo, Coah.",925,2023
1443,"Torreón, Coah.",824,2023
1446,"Colima, Col.",6,2023
1447,"Manzanillo, Col.",10,2023
1448,"Villa de Álvarez, Col.",2,2023
1451,"Durango, Dgo.",574,2023
1452,"Gómez Palacio, Dgo.",849,2023
1453,"Mapimí, Dgo.",23,2023
1456,"Acambay de Ruíz Castañeda, Méx.",1,2023
1457,"Apaxco, Méx.",2474,2023
1458,"Atlacomulco, Méx.",51,2023
1459,"Chalco, Méx.",411,2023
1460,"Cuautitlán, Méx.",3,2023
1461,"Ecatepec de Morelos, Méx.",185,2023
1462,"Huehuetoca, Méx.",349,2023
1463,"Ixtapaluca, Méx.",11,2023
1464,"Naucalpan de Juárez, Méx.",1,2023
1465,"Nezahualcóyotl, Méx.",22,2023
1466,"Ocoyoacac, Méx.",3,2023
1467,"Tecámac, Méx.",2,2023
1468,"Tepotzotlán, Méx.",4934,2023
1469,"Texcoco, Méx.",153,2023
1470,"Tlalnepantla de Baz, Méx.",75,2023
1471,"Toluca, Méx.",754,2023
1472,"Xalatlaco, Méx.",2,2023
1473,"Zumpango, Méx.",155,2023
1476,"Apaseo el Alto, Gto.",1,2023
1477,"Apaseo el Grande, Gto.",22,2023
1478,"Celaya, Gto.",8,2023
1479,"Comonfort, Gto.",29,2023
1480,"Irapuato, Gto.",43,2023
1481,"León, Gto.",3,2023
1482,"Ocampo, Gto.",6,2023
1483,"Salamanca, Gto.",6,2023
1484,"San Luis de la Paz, Gto.",65,2023
1485,"San Miguel de Allende, Gto.",16,2023
1488,"Acapulco de Juárez, Gro.",32,2023
1489,"Azoyú, Gro.",1023,2023
1490,"Chilpancingo de los Bravo, Gro.",30,2023
1491,"San Marcos, Gro.",379,2023
1492,"Zihuatanejo de Azueta, Gro.",14,2023
1495,"Actopan, Hgo.",2,2023
1496,"Alfajayucan, Hgo.",1,2023
1497,"Apan, Hgo.",5,2023
1498,"Atitalaquia, Hgo.",2,2023
1499,"Chapulhuacán, Hgo.",18,2023
1500,"Emiliano Zapata, Hgo.",1,2023
1501,"Epazoyucan, Hgo.",1,2023
1502,"Huasca de Ocampo, Hgo.",1,2023
1503,"Ixmiquilpan, Hgo.",1,2023
1504,"Mineral de la Reforma, Hgo.",22,2023
1505,"Pachuca de Soto, Hgo.",42,2023
1506,"Tepeapulco, Hgo.",35,2023
1507,"Tepeji del Río de Ocampo, Hgo.",788,2023
1508,"Tizayuca, Hgo.",15,2023
1509,"Tula de Allende, Hgo.",76,2023
1510,"Tulancingo de Bravo, Hgo.",19,2023
1511,"Villa de Tezontepec, Hgo.",17,2023
1514,"El Salto, Jal.",1,2023
1515,"Guadalajara, Jal.",1313,2023
1516,"Tlajomulco de Zúñiga, Jal.",113,2023
1517,"Zapotlán el Grande, Jal.",1,2023
1520,"Álvaro Obregón, Mich.",1,2023
1521,"Apatzingán, Mich.",1,2023
1522,"Buenavista, Mich.",1,2023
1523,"Charo, Mich.",4,2023
1524,"Cuitzeo, Mich.",1,2023
1525,"Lázaro Cárdenas, Mich.",1,2023
1526,"Morelia, Mich.",136,2023
1527,"Uruapan, Mich.",1,2023
1528,"Zinapécuaro, Mich.",176,2023
1531,"Cuautla, Mor.",1,2023
1532,"Cuernavaca, Mor.",19,2023
1533,"Emiliano Zapata, Mor.",4,2023
1534,"Jantetelco, Mor.",3,2023
1535,"Puente de Ixtla, Mor.",8,2023
1536,"Temixco, Mor.",7,2023
1537,"Tepoztlán, Mor.",1,2023
1538,"Xochitepec, Mor.",3,2023
1541,"Bahía de Banderas, Nay.",2,2023
1542,"Tepic, Nay.",219,2023
1545,"Anáhuac, NL",86,2023
1546,"Apodaca, NL",4255,2023
1547,"Aramberri, NL",4,2023
1548,"Cadereyta Jiménez, NL",83,2023
1549,"China, NL",146,2023
1550,"Ciénega de Flores, NL",41,2023
1551,"Doctor Arroyo, NL",11,2023
1552,"El Carmen, NL",35,2023
1553,"Galeana, NL",5394,2023
1554,"García, NL",17,2023
1555,"General Bravo, NL",2056,2023
1556,"General Escobedo, NL",1204,2023
1557,"General Zuazua, NL",35,2023
1558,"Guadalupe, NL",223,2023
1559,"Hualahuises, NL",34,2023
1560,"Juárez, NL",180,2023
1561,"Linares, NL",19,2023
1562,"Los Ramones, NL",7,2023
1563,"Mina, NL",2343,2023
1564,"Montemorelos, NL",1,2023
1565,"Monterrey, NL",446,2023
1566,"Parás, NL",13,2023
1567,"Pesquería, NL",93,2023
1568,"Salinas Victoria, NL",18,2023
1569,"San Nicolás de los Garza, NL",50,2023
1570,"San Pedro Garza García, NL",1,2023
1571,"Santa Catarina, NL",167,2023
1572,"Santiago, NL",23,2023
1586,"Asunción Nochixtlán, Oax.",13,2023
1587,"Chahuites, Oax.",54,2023
1588,"Ciudad Ixtepec, Oax.",10,2023
1589,"Concepción Buenavista, Oax.",25,2023
1590,"El Espinal, Oax.",10,2023
1591,"Heroica Ciudad de Huajuapan de León, Oax.",46,2023
1592,"Juchitán de Zaragoza, Oax.",2625,2023
1593,"Matías Romero Avendaño, Oax.",157,2023
1594,"Miahuatlán de Porfirio Díaz, Oax.",12,2023
1595,"Oaxaca de Juárez, Oax.",1217,2023
1596,"Salina Cruz, Oax.",155,2023
1597,"San Agustín de las Juntas, Oax.",2,2023
1598,"San Andrés Huaxpaltepec, Oax.",31,2023
1599,"San Antonio de la Cal, Oax.",1,2023
1600,"San Bartolo Coyotepec, Oax.",5,2023
1601,"San Bartolo Soyaltepec, Oax.",36,2023
1602,"San Cristóbal Suchixtlahuaca, Oax.",4,2023
1603,"San Dionisio Ocotepec, Oax.",7,2023
1604,"San Francisco Telixtlahuaca, Oax.",49,2023
1605,"San Jacinto Amilpas, Oax.",45,2023
1606,"San José Tenango, Oax.",115,2023
1607,"San Juan Bautista Tuxtepec, Oax.",108,2023
1608,"San Lorenzo Cacaotepec, Oax.",2,2023
1609,"San Pablo Etla, Oax.",35,2023
1610,"San Pablo Huitzo, Oax.",728,2023
1611,"San Pedro Ixtlahuaca, Oax.",1,2023
1612,"San Pedro Mixtepec -Dto. 22 -, Oax.",3,2023
1613,"San Pedro Pochutla, Oax.",36,2023
1614,"San Pedro Tapanatepec, Oax.",283,2023
1615,"San Pedro Totolápam, Oax.",20,2023
1616,"San Sebastián Tutla, Oax.",3,2023
1617,"Santa Cruz Xoxocotlán, Oax.",750,2023
1618,"Santa Lucía del Camino, Oax.",6,2023
1619,"Santa María Atzompa, Oax.",4,2023
1620,"Santa María Coyotepec, Oax.",9,2023
1621,"Santa María del Tule, Oax.",1,2023
1622,"Santa María Huatulco, Oax.",163,2023
1623,"Santa María Jalapa del Marqués, Oax.",1265,2023
1624,"Santa María Mixtequilla, Oax.",37,2023
1625,"Santa María Tonameca, Oax.",1,2023
1626,"Santiago Juxtlahuaca, Oax.",1,2023
1627,"Santiago Niltepec, Oax.",14,2023
1628,"Santiago Pinotepa Nacional, Oax.",7,2023
1629,"Santo Domingo Tehuantepec, Oax.",222,2023
1630,"Santo Domingo Yanhuitlán, Oax.",44,2023
1631,"Tlacolula de Matamoros, Oax.",351,2023
1632,"Trinidad Zaachila, Oax.",1,2023
1633,"Villa de Etla, Oax.",2,2023
1634,"Villa de Tamazulápam del Progreso, Oax.",2,2023
1635,"Villa de Tututepec, Oax.",37,2023
1636,"Villa de Zaachila, Oax.",78,2023
1637,"Villa Tejúpam de la Unión, Oax.",2,2023
1640,"Puebla, Pue.",5069,2023
1643,"Colón, Qro.",16,2023
1644,"Querétaro, Qro.",871,2023
1645,"San Juan del Río, Qro.",1303,2023
1648,"Bacalar, Q. Roo",9,2023
1649,"Benito Juárez, Q. Roo",1909,2023
1650,"Cozumel, Q. Roo",24,2023
1651,"Isla Mujeres, Q. Roo",24,2023
1652,"Othón P. Blanco, Q. Roo",347,2023
1653,"Solidaridad, Q. Roo",166,2023
1654,"Tulum, Q. Roo",13,2023
1657,"Cedral, SLP",5,2023
1658,"San Luis Potosí, SLP",4067,2023
1661,"Ahome, Sin.",3,2023
1662,"Angostura, Sin.",79,2023
1663,"Culiacán, Sin.",11,2023
1664,"Guasave, Sin.",1,2023
1665,"Mazatlán, Sin.",976,2023
1668,"Agua Prieta, Son.",35,2023
1669,"Caborca, Son.",413,2023
1670,"Cajeme, Son.",1039,2023
1671,"General Plutarco Elías Calles, Son.",1432,2023
1672,"Guaymas, Son.",863,2023
1673,"Hermosillo, Son.",9823,2023
1674,"Huatabampo, Son.",1042,2023
1675,"Imuris, Son.",7,2023
1676,"Navojoa, Son.",834,2023
1677,"Nogales, Son.",4084,2023
1678,"Puerto Peñasco, Son.",1,2023
1679,"San Luis Río Colorado, Son.",67,2023
1680,"Santa Ana, Son.",12357,2023
1683,"Balancán, Tab.",1477,2023
1684,"Cárdenas, Tab.",23150,2023
1685,"Centla, Tab.",45,2023
1686,"Centro, Tab.",74160,2023
1687,"Comalcalco, Tab.",334,2023
1688,"Emiliano Zapata, Tab.",6555,2023
1689,"Huimanguillo, Tab.",86684,2023
1690,"Jalapa, Tab.",7564,2023
1691,"Macuspana, Tab.",31739,2023
1692,"Paraíso, Tab.",4,2023
1693,"Tacotalpa, Tab.",9051,2023
1694,"Teapa, Tab.",9916,2023
1695,"Tenosique, Tab.",39620,2023
1698,"Aldama, Tamps.",14,2023
1699,"Altamira, Tamps.",873,2023
1700,"Antiguo Morelos, Tamps.",122,2023
1701,"Camargo, Tamps.",25,2023
1702,"Cruillas, Tamps.",1017,2023
1703,"El Mante, Tamps.",6,2023
1704,"González, Tamps.",8,2023
1705,"Gustavo Díaz Ordaz, Tamps.",18,2023
1706,"Hidalgo, Tamps.",47,2023
1707,"Jaumave, Tamps.",538,2023
1708,"Jiménez, Tamps.",1,2023
1709,"Matamoros, Tamps.",374,2023
1710,"Miguel Alemán, Tamps.",16,2023
1711,"Nuevo Laredo, Tamps.",143,2023
1712,"Padilla, Tamps.",25,2023
1713,"Reynosa, Tamps.",6339,2023
1714,"Río Bravo, Tamps.",50,2023
1715,"San Fernando, Tamps.",703,2023
1716,"Soto la Marina, Tamps.",54,2023
1717,"Tampico, Tamps.",47,2023
1718,"Victoria, Tamps.",33,2023
1721,"Amaxac de Guerrero, Tlax.",1,2023
1722,"Apetatitlán de Antonio Carvajal, Tlax.",321,2023
1723,"Apizaco, Tlax.",133,2023
1724,"Atlangatepec, Tlax.",85,2023
1725,"Calpulalpan, Tlax.",25,2023
1726,"Chiautempan, Tlax.",16,2023
1727,"Cuapiaxtla, Tlax.",46,2023
1728,"Huamantla, Tlax.",1687,2023
1729,"Hueyotlipan, Tlax.",14,2023
1730,"Ixtacuixtla de Mariano Matamoros, Tlax.",2544,2023
1731,"Ixtenco, Tlax.",261,2023
1732,"Muñoz de Domingo Arenas, Tlax.",2,2023
1733,"Nanacamilpa de Mariano Arista, Tlax.",2,2023
1734,"Natívitas, Tlax.",17,2023
1735,"Papalotla de Xicohténcatl, Tlax.",2,2023
1736,"San Jerónimo Zacualpan, Tlax.",4,2023
1737,"San Juan Huactzinco, Tlax.",1,2023
1738,"San Pablo del Monte, Tlax.",2,2023
1739,"Sanctórum de Lázaro Cárdenas, Tlax.",13,2023
1740,"Santa Cruz Quilehtla, Tlax.",9,2023
1741,"Santa Cruz Tlaxcala, Tlax.",2,2023
1742,"Tetla de la Solidaridad, Tlax.",2,2023
1743,"Tlaxcala, Tlax.",3,2023
1744,"Tlaxco, Tlax.",48,2023
1745,"Tocatlán, Tlax.",8,2023
1746,"Tzompantepec, Tlax.",33,2023
1747,"Xaloztoc, Tlax.",2301,2023
1748,"Xaltocan, Tlax.",301,2023
1749,"Yauhquemehcan, Tlax.",98,2023
1750,"Zacatelco, Tlax.",8,2023
1751,"Ziltlaltépec de Trinidad Sánchez Santos, Tlax.",18,2023
1754,"Acayucan, Ver.",36446,2023
1755,"Agua Dulce, Ver.",20,2023
1756,"Álamo Temapache, Ver.",3,2023
1757,"Alvarado, Ver.",59,2023
1758,"Amatlán de los Reyes, Ver.",17,2023
1759,"Angel R. Cabada, Ver.",21,2023
1760,"Camerino Z. Mendoza, Ver.",126,2023
1761,"Carlos A. Carrillo, Ver.",1,2023
1762,"Carrillo Puerto, Ver.",55,2023
1763,"Coatepec, Ver.",1,2023
1764,"Coatzacoalcos, Ver.",316,2023
1765,"Córdoba, Ver.",609,2023
1766,"Cosamaloapan de Carpio, Ver.",3095,2023
1767,"Cosoleacaque, Ver.",20,2023
1768,"Cotaxtla, Ver.",144,2023
1769,"Cuitláhuac, Ver.",1447,2023
1770,"Emiliano Zapata, Ver.",7,2023
1771,"Fortín, Ver.",54,2023
1772,"Gutiérrez Zamora, Ver.",9,2023
1773,"Isla, Ver.",15,2023
1774,"Ixhuatlán del Sureste, Ver.",2,2023
1775,"Ixtaczoquitlán, Ver.",2,2023
1776,"Jesús Carranza, Ver.",5395,2023
1777,"Juan Rodríguez Clara, Ver.",8,2023
1778,"La Antigua, Ver.",160,2023
1779,"Las Choapas, Ver.",300,2023
1780,"Martínez de la Torre, Ver.",15,2023
1781,"Medellín de Bravo, Ver.",27,2023
1782,"Minatitlán, Ver.",10,2023
1783,"Moloacán, Ver.",4202,2023
1784,"Naranjos Amatlán, Ver.",21,2023
1785,"Nogales, Ver.",6,2023
1786,"Orizaba, Ver.",1100,2023
1787,"Ozuluama de Mascareñas, Ver.",74,2023
1788,"Pánuco, Ver.",8,2023
1789,"Papantla, Ver.",48,2023
1790,"Perote, Ver.",2,2023
1791,"Poza Rica de Hidalgo, Ver.",129,2023
1792,"Pueblo Viejo, Ver.",484,2023
1793,"Río Blanco, Ver.",50,2023
1794,"San Andrés Tuxtla, Ver.",102,2023
1795,"San Juan Evangelista, Ver.",1,2023
1796,"Sayula de Alemán, Ver.",9311,2023
1797,"Soledad de Doblado, Ver.",3,2023
1798,"Tecolutla, Ver.",2,2023
1799,"Texistepec, Ver.",7,2023
1800,"Tezonapa, Ver.",6,2023
1801,"Tierra Blanca, Ver.",13,2023
1802,"Tihuatlán, Ver.",35,2023
1803,"Tres Valles, Ver.",2,2023
1804,"Tuxpan, Ver.",218,2023
1805,"Veracruz, Ver.",2063,2023
1806,"Villa Aldama, Ver.",3,2023
1807,"Xalapa, Ver.",103,2023
1808,"Yanga, Ver.",62,2023
1811,"Mérida, Yuc.",930,2023
1812,"Progreso, Yuc.",3,2023
1813,"Valladolid, Yuc.",5,2023
1816,"Calera, Zac.",42,2023
1817,"Jerez, Zac.",3,2023
1818,"Trancoso, Zac.",99,2023
1819,"Zacatecas, Zac.",982,2023
1832,"Aguascalientes, Ags.",103,2024
1833,"Cosío, Ags.",120,2024
1834,"El Llano, Ags.",1,2024
1835,"Jesús María, Ags.",94,2024
1838,"Ensenada, BC",482,2024
1839,"Mexicali, BC",2827,2024
1840,"Playas de Rosarito, BC",17,2024
1841,"San Felipe, BC",2,2024
1842,"San Quintín, BC",33,2024
1843,"Tecate, BC",2457,2024
1844,"Tijuana, BC",25642,2024
1847,"La Paz, BCS",413,2024
1848,"Loreto, BCS",4,2024
1849,"Los Cabos, BCS",66,2024
1852,"Campeche, Camp.",502,2024
1853,"Carmen, Camp.",244,2024
1854,"Escárcega, Camp.",2050,2024
1857,"Acala, Chis.",1,2024
1858,"Acapetahua, Chis.",85,2024
1859,"Arriaga, Chis.",14313,2024
1860,"Berriozábal, Chis.",160,2024
1861,"Catazajá, Chis.",320,2024
1862,"Chenalhó, Chis.",24,2024
1863,"Chiapa de Corzo, Chis.",278,2024
1864,"Cintalapa de Figueroa, Chis.",162,2024
1865,"Comitán de Domínguez, Chis.",7,2024
1866,"Frontera Comalapa, Chis.",16,2024
1867,"Frontera Hidalgo, Chis.",31,2024
1868,"Huehuetán, Chis.",20679,2024
1869,"Huixtla, Chis.",26336,2024
1870,"Jiquipilas, Chis.",2958,2024
1871,"Mazatán, Chis.",23,2024
1872,"Mezcalapa, Chis.",354,2024
1873,"Motozintla, Chis.",1,2024
1874,"Ocosingo, Chis.",1699,2024
1875,"Ocozocoautla de Espinosa, Chis.",1073,2024
1876,"Palenque, Chis.",3527,2024
1877,"Pijijiapan, Chis.",20533,2024
1878,"Salto de Agua, Chis.",9,2024
1879,"San Cristóbal de las Casas, Chis.",3,2024
1880,"Suchiate, Chis.",32270,2024
1881,"Tapachula, Chis.",87845,2024
1882,"Tonalá, Chis.",128,2024
1883,"Tuxtla Chico, Chis.",4291,2024
1884,"Tuxtla Gutiérrez, Chis.",17637,2024
1885,"Unión Juárez, Chis.",4556,2024
1886,"Villa Comaltitlán, Chis.",1178,2024
1889,"Chihuahua, Chih.",671,2024
1890,"Delicias, Chih.",28,2024
1891,"Janos, Chih.",2298,2024
1892,"Juárez, Chih.",2134,2024
1893,"Ojinaga, Chih.",29,2024
1896,"Coyoacán, CDMX",2,2024
1897,"Gustavo A. Madero, CDMX",47,2024
1898,"Iztapalapa, CDMX",4380,2024
1899,"Venustiano Carranza, CDMX",573,2024
1902,"Acuña, Coah.",33,2024
1903,"Monclova, Coah.",3853,2024
1904,"Piedras Negras, Coah.",5104,2024
1905,"Saltillo, Coah.",410,2024
1906,"Torreón, Coah.",1606,2024
1909,"Manzanillo, Col.",3,2024
1912,"Durango, Dgo.",9,2024
1913,"Gómez Palacio, Dgo.",954,2024
1916,"Chalco, Méx.",66,2024
1917,"Chicoloapan, Méx.",3,2024
1918,"Chimalhuacán, Méx.",10,2024
1919,"Coacalco de Berriozábal, Méx.",1,2024
1920,"Cuautitlán Izcalli, Méx.",82,2024
1921,"Cuautitlán, Méx.",2,2024
1922,"Ecatepec de Morelos, Méx.",6,2024
1923,"Huehuetoca, Méx.",2202,2024
1924,"Metepec, Méx.",6,2024
1925,"Naucalpan de Juárez, Méx.",2,2024
1926,"Ocuilan, Méx.",1,2024
1927,"Tenango del Valle, Méx.",1,2024
1928,"Tepotzotlán, Méx.",2061,2024
1929,"Texcoco, Méx.",119,2024
1930,"Tianguistenco, Méx.",2,2024
1931,"Tlalnepantla de Baz, Méx.",37,2024
1932,"Toluca, Méx.",755,2024
1933,"Zinacantepec, Méx.",2,2024
1934,"Zumpango, Méx.",947,2024
1937,"Guanajuato, Gto.",18,2024
1938,"San Diego de la Unión, Gto.",2,2024
1941,"Chilpancingo de los Bravo, Gro.",2,2024
1942,"San Marcos, Gro.",1374,2024
1945,"Actopan, Hgo.",12,2024
1946,"Apan, Hgo.",5,2024
1947,"Atitalaquia, Hgo.",67,2024
1948,"Chapulhuacán, Hgo.",756,2024
1949,"Cuautepec de Hinojosa, Hgo.",2,2024
1950,"El Arenal, Hgo.",4,2024
1951,"Emiliano Zapata, Hgo.",46,2024
1952,"Huichapan, Hgo.",110,2024
1953,"Ixmiquilpan, Hgo.",1,2024
1954,"Mixquiahuala de Juárez, Hgo.",8,2024
1955,"Pachuca de Soto, Hgo.",101,2024
1956,"Progreso de Obregón, Hgo.",8,2024
1957,"Santiago de Anaya, Hgo.",5,2024
1958,"Tepeapulco, Hgo.",5,2024
1959,"Tepeji del Río de Ocampo, Hgo.",7,2024
1960,"Tepetitlán, Hgo.",106,2024
1961,"Tizayuca, Hgo.",72,2024
1962,"Tlahuelilpan, Hgo.",2,2024
1963,"Tlaxcoapan, Hgo.",1,2024
1964,"Tolcayuca, Hgo.",4,2024
1965,"Tula de Allende, Hgo.",25,2024
1966,"Tulancingo de Bravo, Hgo.",27,2024
1967,"Zempoala, Hgo.",2,2024
1970,"Guadalajara, Jal.",24,2024
1971,"Tlajomulco de Zúñiga, Jal.",1,2024
1974,"Lázaro Cárdenas, Mich.",7,2024
1975,"Morelia, Mich.",22,2024
1976,"Zinapécuaro, Mich.",23,2024
1979,"Ayala, Mor.",1,2024
1980,"Coatlán del Río, Mor.",4,2024
1981,"Cuautla, Mor.",280,2024
1982,"Cuernavaca, Mor.",219,2024
1983,"Jantetelco, Mor.",25,2024
1984,"Jiutepec, Mor.",1,2024
1985,"Puente de Ixtla, Mor.",3,2024
1986,"Xochitepec, Mor.",1,2024
1987,"Yautepec, Mor.",2,2024
1990,"Tepic, Nay.",149,2024
1991,"Xalisco, Nay.",5,2024
1994,"Apodaca, NL",1602,2024
1995,"Cadereyta Jiménez, NL",19,2024
1996,"Ciénega de Flores, NL",31,2024
1997,"Galeana, NL",6235,2024
1998,"García, NL",121,2024
1999,"General Bravo, NL",43,2024
2000,"General Escobedo, NL",535,2024
2001,"Guadalupe, NL",38,2024
2002,"Juárez, NL",24,2024
2003,"Linares, NL",2,2024
2004,"Los Ramones, NL",2,2024
2005,"Mina, NL",743,2024
2006,"Montemorelos, NL",1,2024
2007,"Monterrey, NL",231,2024
2008,"Pesquería, NL",21,2024
2009,"Sabinas Hidalgo, NL",1,2024
2010,"Salinas Victoria, NL",41,2024
2011,"Santa Catarina, NL",33,2024
2012,"Santiago, NL",6,2024
2013,"Vallecillo, NL",1,2024
2014,"Villaldama, NL",1,2024
2028,"Asunción Nochixtlán, Oax.",3,2024
2029,"Candelaria Loxicha, Oax.",14,2024
2030,"Ciudad Ixtepec, Oax.",10,2024
2031,"El Espinal, Oax.",13,2024
2032,"Heroica Ciudad de Huajuapan de León, Oax.",2,2024
2033,"Juchitán de Zaragoza, Oax.",299,2024
2034,"La Reforma, Oax.",42,2024
2035,"Matías Romero Avendaño, Oax.",99,2024
2036,"Miahuatlán de Porfirio Díaz, Oax.",3,2024
2037,"Nejapa de Madero, Oax.",3,2024
2038,"Oaxaca de Juárez, Oax.",1815,2024
2039,"Salina Cruz, Oax.",413,2024
2040,"San Agustín de las Juntas, Oax.",6,2024
2041,"San Antonio de la Cal, Oax.",18,2024
2042,"San Bartolo Coyotepec, Oax.",40,2024
2043,"San Carlos Yautepec, Oax.",27,2024
2044,"San Francisco Huehuetlán, Oax.",1,2024
2045,"San Francisco Telixtlahuaca, Oax.",72,2024
2046,"San Jacinto Amilpas, Oax.",26,2024
2047,"San Juan Bautista Cuicatlán, Oax.",9,2024
2048,"San Juan Guichicovi, Oax.",6,2024
2049,"San Miguel del Puerto, Oax.",127,2024
2050,"San Pablo Etla, Oax.",40,2024
2051,"San Pablo Huitzo, Oax.",162,2024
2052,"San Pedro Mixtepec -Dto. 22 -, Oax.",9,2024
2053,"San Pedro Pochutla, Oax.",20,2024
2054,"San Pedro Tapanatepec, Oax.",1013,2024
2055,"Santa Cruz Xoxocotlán, Oax.",390,2024
2056,"Santa Lucía del Camino, Oax.",41,2024
2057,"Santa María Coyotepec, Oax.",14,2024
2058,"Santa María Ecatepec, Oax.",14,2024
2059,"Santa María Huatulco, Oax.",213,2024
2060,"Santa María Jalapa del Marqués, Oax.",237,2024
2061,"Santo Domingo Tehuantepec, Oax.",217,2024
2062,"Teotitlán de Flores Magón, Oax.",6,2024
2063,"Tlacolula de Matamoros, Oax.",505,2024
2064,"Villa de Etla, Oax.",92,2024
2065,"Villa de Zaachila, Oax.",111,2024
2068,"Puebla, Pue.",4354,2024
2071,"Colón, Qro.",67,2024
2072,"Querétaro, Qro.",1964,2024
2073,"San Juan del Río, Qro.",275,2024
2076,"Bacalar, Q. Roo",68,2024
2077,"Benito Juárez, Q. Roo",2232,2024
2078,"Cozumel, Q. Roo",31,2024
2079,"Isla Mujeres, Q. Roo",11,2024
2080,"Othón P. Blanco, Q. Roo",354,2024
2081,"Solidaridad, Q. Roo",243,2024
2082,"Tulum, Q. Roo",6,2024
2085,"San Luis Potosí, SLP",2117,2024
2088,"Ahome, Sin.",50,2024
2089,"Angostura, Sin.",148,2024
2090,"Culiacán, Sin.",1,2024
2091,"Escuinapa, Sin.",297,2024
2092,"Guasave, Sin.",3,2024
2093,"Mazatlán, Sin.",374,2024
2094,"Rosario, Sin.",3,2024
2095,"San Ignacio, Sin.",1,2024
2098,"Agua Prieta, Son.",93,2024
2099,"Altar, Son.",1445,2024
2100,"Caborca, Son.",209,2024
2101,"Cajeme, Son.",142,2024
2102,"Empalme, Son.",393,2024
2103,"General Plutarco Elías Calles, Son.",414,2024
2104,"Guaymas, Son.",1427,2024
2105,"Hermosillo, Son.",4662,2024
2106,"Huatabampo, Son.",1619,2024
2107,"Imuris, Son.",149,2024
2108,"Magdalena, Son.",52,2024
2109,"Navojoa, Son.",330,2024
2110,"Nogales, Son.",1017,2024
2111,"Ónavas, Son.",19,2024
2112,"Opodepe, Son.",828,2024
2113,"Puerto Peñasco, Son.",8,2024
2114,"San Luis Río Colorado, Son.",1,2024
2115,"Santa Ana, Son.",1495,2024
2116,"Tubutama, Son.",19,2024
2119,"Balancán, Tab.",6133,2024
2120,"Cárdenas, Tab.",25912,2024
2121,"Centro, Tab.",107606,2024
2122,"Comalcalco, Tab.",1484,2024
2123,"Emiliano Zapata, Tab.",8140,2024
2124,"Huimanguillo, Tab.",64851,2024
2125,"Jalapa, Tab.",14162,2024
2126,"Jonuta, Tab.",67,2024
2127,"Macuspana, Tab.",45254,2024
2128,"Paraíso, Tab.",1285,2024
2129,"Tacotalpa, Tab.",14778,2024
2130,"Teapa, Tab.",14582,2024
2131,"Tenosique, Tab.",29570,2024
2134,"Altamira, Tamps.",94,2024
2135,"Camargo, Tamps.",1,2024
2136,"Hidalgo, Tamps.",7,2024
2137,"Jaumave, Tamps.",89,2024
2138,"Matamoros, Tamps.",10,2024
2139,"Miguel Alemán, Tamps.",10,2024
2140,"Reynosa, Tamps.",3831,2024
2141,"San Fernando, Tamps.",141,2024
2142,"Tampico, Tamps.",51,2024
2143,"Victoria, Tamps.",22,2024
2146,"Apetatitlán de Antonio Carvajal, Tlax.",247,2024
2147,"Apizaco, Tlax.",203,2024
2148,"Calpulalpan, Tlax.",2,2024
2149,"Chiautempan, Tlax.",2,2024
2150,"Cuaxomulco, Tlax.",727,2024
2151,"Ixtacuixtla de Mariano Matamoros, Tlax.",346,2024
2152,"Ixtenco, Tlax.",4,2024
2153,"La Magdalena Tlaltelulco, Tlax.",5,2024
2154,"Nanacamilpa de Mariano Arista, Tlax.",46,2024
2155,"San Francisco Tetlanohcan, Tlax.",1,2024
2156,"Santa Cruz Quilehtla, Tlax.",2,2024
2157,"Santa Cruz Tlaxcala, Tlax.",42,2024
2158,"Tenancingo, Tlax.",44,2024
2159,"Tetla de la Solidaridad, Tlax.",1,2024
2160,"Tlaxcala, Tlax.",2,2024
2161,"Tlaxco, Tlax.",3,2024
2162,"Totolac, Tlax.",4,2024
2163,"Tzompantepec, Tlax.",10,2024
2164,"Xaloztoc, Tlax.",939,2024
2165,"Xaltocan, Tlax.",42,2024
2166,"Zacatelco, Tlax.",5,2024
2169,"Acayucan, Ver.",12619,2024
2170,"Agua Dulce, Ver.",1522,2024
2171,"Alvarado, Ver.",112,2024
2172,"Amatlán de los Reyes, Ver.",11,2024
2173,"Carlos A. Carrillo, Ver.",27,2024
2174,"Carrillo Puerto, Ver.",64,2024
2175,"Catemaco, Ver.",4,2024
2176,"Coatepec, Ver.",3,2024
2177,"Coatzacoalcos, Ver.",10,2024
2178,"Córdoba, Ver.",159,2024
2179,"Cosamaloapan de Carpio, Ver.",335,2024
2180,"Cosoleacaque, Ver.",141,2024
2181,"Cuitláhuac, Ver.",424,2024
2182,"Isla, Ver.",6,2024
2183,"Ixhuatlán del Sureste, Ver.",10,2024
2184,"Jesús Carranza, Ver.",3077,2024
2185,"Juan Rodríguez Clara, Ver.",4,2024
2186,"Las Choapas, Ver.",522,2024
2187,"Minatitlán, Ver.",5,2024
2188,"Moloacán, Ver.",233,2024
2189,"Nogales, Ver.",4,2024
2190,"Orizaba, Ver.",4,2024
2191,"Poza Rica de Hidalgo, Ver.",21,2024
2192,"Pueblo Viejo, Ver.",120,2024
2193,"Río Blanco, Ver.",179,2024
2194,"San Andrés Tuxtla, Ver.",20,2024
2195,"Sayula de Alemán, Ver.",58,2024
2196,"Tierra Blanca, Ver.",4,2024
2197,"Tuxpan, Ver.",14,2024
2198,"Veracruz, Ver.",79,2024
2201,"Chemax, Yuc.",68,2024
2202,"Halachó, Yuc.",164,2024
2203,"Kantunil, Yuc.",3,2024
2204,"Mérida, Yuc.",538,2024
2205,"Progreso, Yuc.",3,2024
2208,"Calera, Zac.",23,2024
2209,"Fresnillo, Zac.",134,2024
2210,"Guadalupe, Zac.",7,2024
2211,"Trancoso, Zac.",21,2024
2212,"Villa de Cos, Zac.",10,2024
2213,"Zacatecas, Zac.",391,2024
